rule,column,count
NULL_CHECK,employee_id,0
DUPLICATE_CHECK,employee_id,0
FORMAT_CHECK,employee_id,0
FORMAT_CHECK,manager_id,0
NULL_CHECK,full_name,0
BLANK_STRING_CHECK,full_name,0
NULL_CHECK,email,10
BLANK_STRING_CHECK,email,0
NULL_CHECK,department,0
BLANK_STRING_CHECK,department,0
NULL_CHECK,role,0
BLANK_STRING_CHECK,role,0
NULL_CHECK,level,0
BLANK_STRING_CHECK,level,0
NULL_CHECK,region,0
BLANK_STRING_CHECK,region,0
NULL_CHECK,status,0
BLANK_STRING_CHECK,status,0
EMAIL_FORMAT_CHECK,email,10
DOMAIN_CHECK,level,0
DOMAIN_CHECK,status,0
DOMAIN_CHECK,region,0
INVALID_DATE_CHECK,hire_date,8
FUTURE_DATE_CHECK,hire_date,0
UNREALISTIC_DATE_CHECK,hire_date,0
NUMERIC_CHECK,salary,0
MIN_VALUE_CHECK,salary,0
MAX_VALUE_CHECK,salary,0
NUMERIC_CHECK,years_experience,0
MIN_VALUE_CHECK,years_experience,5
MAX_VALUE_CHECK,years_experience,0
OUTLIER_CHECK,salary,30
MANAGER_EXISTS_CHECK,manager_id,0
SELF_MANAGER_CHECK,manager_id,1
EXPERIENCE_NEGATIVE_CHECK,years_experience,5
